"path","bytes","sha256"
"compare_models.py","7276","674af54d42002648522b39eec2a25ee306b79b05a59f802b6684cdf191174046"
"configuration.py","1082","3b00afc2afcb7dd6f29dadaee49bfd76fcd49c360ec1c9a543a89a76bbce43c8"
"context_builder.py","12766","4bc69464320f5cca46cdcc6aa621ea561a669f129f62862acd41b8b714184167"
"evaluation/evaluation_runner.py","0","e3b0c44298fc1c149afbf4c8996fb92427ae41e4649b934ca495991b7852b855"
"evaluation/reference_outcomes.json","53","aa9dc48ed08f2352ef02de5cb26d7b119392d1c256cc22048db64514ad834944"
"evaluation/scoring.py","0","e3b0c44298fc1c149afbf4c8996fb92427ae41e4649b934ca495991b7852b855"
"freeze_metadata/PROTOTYPE_FREEZE_RECORD.json","2985","ab949df20ac0eef2265bb9aca39569389bb27847a75bbec81136b884b8ab90b0"
"freeze_metadata/REGRESSION_SUMMARY.json","6334","fd3cc1649a4df7b7b869cb7e5be2b94a04cf25ae8f40c8db34960dee21a9375a"
"guardrails.py","53374","b474a95537e5fcfe2925ab7a6f75b5c9cbb8db0146f787ac69136032d4c8a585"
"knowledge_base/dependencies.json","4403","226c38f0ee79d3a32a8b36cf5823f8b14ea5feb9b849443cd5a21e10ec2e1f3d"
"knowledge_base/incident_categories.json","5631","6f71dcd775e7a0891bda1ff7a7ff2538542a16636cfd1c24d362992f4aafec09"
"knowledge_base/ownership_map.json","2471","9e1c561a4b7c3c8b10fa02a58a23e5311111e869c78a3d122a821e2b5f9ac39c"
"knowledge_base/resolver_groups.json","2592","338e062316f4c8a98683921e9d66b17b8c732833b2b5cdf3ce9e9dd11265ab83"
"knowledge_base/runbooks.json","11199","ff51f4222efe436a990ab8b19a6f5606c8f73379089148de35d441e920ece463"
"knowledge_base/services.json","4452","5466922aced4d84412b1ae10177efe0089d0ae96f61254361a34c8aa22707d3a"
"knowledge_base/severity_matrix.json","3099","b3b42b0264262785fdb0a69d73bc6870efda3da09092d9575b5ec282a12bae05"
"knowledge_loader.py","2802","6e7bc2c8453d27c60de7a86a2e382440e3c434e3bb3d46d639e6177b50a13f4a"
"outputs/regression_v1_3_7_clean/DEV-001_c5f0e095-ae1a-4886-8d98-3188025885a3_valid.json","30031","75eaa5ac2e2802ab9b47b547b6c0a2988e607133d2669b33d000d3f1153ae8da"
"outputs/regression_v1_3_7_clean/DEV-002_84ef4692-f0ac-4b10-800f-f1fb6cb70fb3_valid.json","29899","b0f101eaf2c5dec5b626217f6ec5d2ac573c82e00747383f5568ae6fc93950e8"
"outputs/regression_v1_3_7_clean/DEV-003_1c9c28ff-4c4f-44e5-a239-2f8b30de4be1_valid.json","30608","4cf61302f27fd5e242b7a8ddede6bec6c3699cf88d3fbcf1df72b3a6c2851448"
"outputs/regression_v1_3_7_clean/DEV-004_7f08b716-b5ef-4478-a461-203608b219e8_valid.json","26847","acd8be5b301f544d52609db34ff558770eac53c192a6cd7b780c9da65f94f693"
"outputs/regression_v1_3_7_clean/DEV-005_96335e3c-4dde-4455-bcec-2d9e628863c8_valid.json","31156","bccaf76e73ca79ec0481973ac180a67b97839074287e2fbe1eb9f676bd2948ab"
"outputs/regression_v1_3_7_clean/DEV-006_0c175555-6134-47fe-912e-61e6d3308076_valid.json","26322","20bfd72564e1a500b6dba9b8180daa09cb8c1582b4ea8b610181b9dd1a2468c1"
"outputs/regression_v1_3_7_clean/DEV-007_16800bb2-c492-4a4a-9f76-0fd9f994c59c_valid.json","31497","8601131d46737ec6210f234d24d7c4e62e42c62603de6ce3b0cc4f0eda7d7821"
"outputs/regression_v1_3_7_clean/DEV-008_cbda1f93-5244-4a9b-a3ff-e695d7480751_valid.json","31693","d354e2c530ae57329cb692d9c34b226fbefa989af995ae31d5526413514849a9"
"outputs/regression_v1_3_7_repeat_runs/DEV-008_0ffa556e-a3e0-4441-8327-f740729d5c19_valid.json","31274","bfc4041ab4c141e3eeb36d2bb50e2a2c2b3bbe9f179cd4a883e5d6b6cb084d94"
"prompts.py","4997","0fd93dd4330269297b3b9e7052bf3f954ad11281766479ea8643dc9766414a9a"
"README.md","1307","a20f1889d6cd60b0d630b1294f0656e410e5dcfdc56cf32efeb56ac722aba1a2"
"requirements.txt","37","5ac5eafa2fda897f585f9e0d5d8d0610f15860aac2f94cba495f18ce912ff091"
"run_triage.py","1997","b00fbbe3f792015fd2bfdd531687b30dbe7b5f2e5b79d6ee5b0d28685d00832a"
"scenarios/development/DEV-001.json","1855","a0bd51c2c517f12d891906e75d3d433104ec6bd98363fb835cfb2f55e934d845"
"scenarios/development/DEV-002.json","3076","b87d2cdd4d98011bf389edfa8a79d6a5c001711348e41252dd5e568b6600e3ae"
"scenarios/development/DEV-003.json","3101","32ee597c0de7a118ae554ce0df9463c7e1e076509fffd0e4bc08e58a18716f69"
"scenarios/development/DEV-004.json","3063","c6c9b92dbfc67ffe8638ddd620f4554c8e89c032bed953ed21f0c800b7bf20bc"
"scenarios/development/DEV-005.json","2853","2d66eb7ca85fc84d995ab16133e4745e987dbf70928f83ae06290863bec09852"
"scenarios/development/DEV-006.json","2916","66d75af6b41d36e1368c6c848d9dab03a687a73e3430355a91841abd73f80b0c"
"scenarios/development/DEV-007.json","3458","b3b9c857d2854c3bb5bd3e77d5d96436c3ddf15d28f1429041d25665b1306ace"
"scenarios/development/DEV-008.json","3352","7f1dafb62e85bd468db6cac251ac5be2719ae3bb70584095cd6d951352f5117f"
"scenarios/development/reference_outcomes/DEV-002_reference_outcome.json","3356","d69e4e00a8884ade82add200956bc207cd7aa8242a5b2f7e6a36513e39ead979"
"scenarios/development/reference_outcomes/DEV-003_reference_outcome.json","3392","965714dd25433298c5486da0fc2052eab83fb6e827c74875e7a0dfb45708a5d1"
"scenarios/development/reference_outcomes/DEV-004_reference_outcome.json","2968","692b2a44d0f7484a367b53f3ae0e51399a953f1b69db7a742ee67bf6e1f9f384"
"scenarios/development/reference_outcomes/DEV-005_reference_outcome.json","3210","36bcc42d7dfb84370462ced04890bb2a267aea67ebceb4802a4f89488e58aa2b"
"scenarios/development/reference_outcomes/DEV-006_reference_outcome.json","3039","ac4bc38960012bb8b3394a5c1c3efa4cd835efff180d395076c8c4fbd133e038"
"scenarios/development/reference_outcomes/DEV-007_reference_outcome.json","3526","ee2b029c1b93baef69b06c43760d35a31d2d2b633982f700d85ffa5df41ab3cb"
"scenarios/development/reference_outcomes/DEV-008_reference_outcome.json","3750","7d6454026fe7a39b87b5cdb202bc00711aed143751de9607307d8c762a92faa2"
"scenarios/evaluation/.gitkeep","0","e3b0c44298fc1c149afbf4c8996fb92427ae41e4649b934ca495991b7852b855"
"schema_exports/incident_input_schema.json","7608","77ec97b2d8e9a606bab858b7dfc88de5c7f34d4116fb6c7de1b46e284d787b58"
"schema_exports/triage_output_schema.json","10462","e635f5a6b52f271ffebedf5723309528d2d098d3ef222964a2a1f19a3d6a3304"
"schemas.py","7872","d5acf064f9c80d124d33381745dcc2cf9047f20bb1cd7cb140bde0c5e802ad7c"
"triage_engine.py","6695","75560e1ca0b9e07482865fbf4357088d748ce1a77f529b597657b724caaca70b"
"validate_setup.py","1044","6b5256540cdfb3f94cf36c7e87d86be6cee71c7da1263c8a5ea8778d26a92c78"
"validation.py","23472","837766ae277a0c81dbb930bfae57cde6bdc11493363ae8af0455f83d7e88005f"
"verify_v1_3.py","427","9d3b648f6a3db35318eb0313392825b97c4a371aa6a62a74143e5fc509de0014"
"verify_v1_3_1.py","473","6e38400bf11752ff44b323bae3123993947e2db784d32074793269bbab6ec9cc"
"verify_v1_3_2.py","681","afdb213f13b0e6bb6f98098d2a67505610e9277441226b39964d84e7ebfbbb0d"
"verify_v1_3_3.py","681","afdb213f13b0e6bb6f98098d2a67505610e9277441226b39964d84e7ebfbbb0d"
"verify_v1_3_4.py","681","afdb213f13b0e6bb6f98098d2a67505610e9277441226b39964d84e7ebfbbb0d"
"verify_v1_3_5.py","681","afdb213f13b0e6bb6f98098d2a67505610e9277441226b39964d84e7ebfbbb0d"
"verify_v1_3_6.py","681","afdb213f13b0e6bb6f98098d2a67505610e9277441226b39964d84e7ebfbbb0d"
"verify_v1_3_7.py","681","afdb213f13b0e6bb6f98098d2a67505610e9277441226b39964d84e7ebfbbb0d"
